[
  {
    "code":"P0320",
    "part":"Crankshaft Position Sensor",
    "part_link":"https:\/\/www.amazon.ca\/dp\/B000C9WZEO",
    "video_link":"https:\/\/www.youtube.com\/watch?v=UUW2V0vUvbM"
  },
  {
    "code":"P0420",
    "part":"Catalytic Converter",
    "part_link":"https:\/\/www.amazon.ca\/dp\/B000C9VG7U",
    "video_link":"https:\/\/www.youtube.com\/watch?v=9VZ5K8n5jj0"
  },
  {
    "code":"P2270",
    "part":"O2 Sensor (Bank 1 Sensor 2)",
    "part_link":"https:\/\/www.amazon.ca\/dp\/B000JZQ7M2",
    "video_link":"https:\/\/www.youtube.com\/watch?v=30t7Hiaf2aU"
  },
  {
    "code":"P0451",
    "part":"Evaporative Emission Pressure Sensor",
    "part_link":"https:\/\/www.amazon.ca\/dp\/B000JZPZUA",
    "video_link":"https:\/\/www.youtube.com\/watch?v=Q6Whs5lStz8"
  },
  {
    "code":"P0460",
    "part":"Fuel Level Sensor",
    "part_link":"https:\/\/www.amazon.ca\/dp\/B000JZPZWO",
    "video_link":"https:\/\/www.youtube.com\/watch?v=wZWDzZ1Kz0Y"
  }
]